,entry_date,exit_date,type,entry_price,exit_price,tp_level,sl_level,duration_hours,pnl_eur,exit_reason,volume_ratio,atr_pct
0,2026-02-15 17:00:00,2026-02-15 18:00:00,SHORT,68641.21,68451.44,68063.58785714286,69218.83214285715,1.0,-2.353342838798433,,1.5215117804446625,0.8415092666011325
1,2026-02-16 12:00:00,2026-02-16 13:00:00,LONG,69763.24,68395.1,70235.45071428572,69291.02928571429,1.0,-226.05866595451593,EXIT_SL,2.165186351326505,0.6768761231355039
2,2026-02-16 15:00:00,2026-02-16 16:00:00,SHORT,67539.52,67888.7,66921.63500000001,68157.405,1.0,-79.83397250174525,,3.288470629918872,0.9148495577108069
3,2026-02-17 14:00:00,2026-02-17 15:00:00,SHORT,66875.06,67392.05,66345.73857142858,67404.38142857142,1.0,-103.9991561076539,EXIT_SL,4.236106379651969,0.7915079680996571
4,2026-02-18 18:00:00,2026-02-18 19:00:00,SHORT,66359.99,66177.14,65793.78857142858,66926.19142857143,1.0,-2.344921597897354,,2.1448307561473223,0.8532271155728444
5,2026-02-20 05:00:00,2026-02-20 06:00:00,LONG,67790.1,67847.47,68236.54642857143,67343.65357142859,1.0,-20.644205083174946,,1.6367504415583372,0.6585717214924119
6,2026-02-21 14:00:00,2026-02-21 15:00:00,LONG,68450.01,68615.0,68686.07999999999,68213.94,1.0,-5.639651945185985,EXIT_TP,2.117091442973397,0.34487942368452496
7,2026-02-22 13:00:00,2026-02-22 14:00:00,SHORT,67652.38,67443.89,67440.26857142858,67864.49142857143,1.0,0.7817804243547677,EXIT_TP,2.4782738675719074,0.31353136219513555
8,2026-02-23 00:00:00,2026-02-23 01:00:00,SHORT,66740.47,64427.65,66415.56857142856,67065.37142857144,1.0,302.608715144673,EXIT_TP,2.006805922141417,0.486813216286056
9,2026-02-25 01:00:00,2026-02-25 02:00:00,LONG,65896.75,65884.83,66557.05928571429,65236.440714285716,1.0,-31.3715709176328,,3.1362088548426956,1.0020361940676685
10,2026-02-25 14:00:00,2026-02-25 15:00:00,LONG,66973.2,67412.33,67620.38928571428,66326.01071428572,1.0,34.96743451055046,,2.4831102405199554,0.9663406940601386
11,2026-02-25 17:00:00,2026-02-25 18:00:00,LONG,68674.2,69328.07,69282.14428571428,68066.25571428571,1.0,64.34021518655985,EXIT_TP,2.1514828055560224,0.8852586352870296
12,2026-02-26 16:00:00,2026-02-26 17:00:00,SHORT,66643.55,66826.8,66058.80714285714,67228.29285714286,1.0,-57.09715800567508,,2.078377298789793,0.877418530589767
13,2026-02-27 11:00:00,2026-02-27 12:00:00,SHORT,66126.99,65928.01,65628.115,66625.865,1.0,0.08944057706930764,,1.6637907863499426,0.7544196401499568
14,2026-02-28 06:00:00,2026-02-28 07:00:00,SHORT,63216.01,63826.0,62685.42071428572,63746.599285714285,1.0,-124.89212877952069,EXIT_SL,3.655730420008295,0.8393273882902206
15,2026-03-02 14:00:00,2026-03-02 15:00:00,LONG,67177.06,69130.2,67874.49214285714,66479.62785714286,1.0,254.18872287548965,EXIT_TP,2.8228992731452975,1.0381998599777107
16,2026-03-04 07:00:00,2026-03-04 08:00:00,LONG,69493.13,71011.4,70183.2,68803.06000000001,1.0,188.52938321791976,EXIT_TP,1.871715661437646,0.9930046322564513
17,2026-03-04 09:00:00,2026-03-04 10:00:00,LONG,71520.76,71348.92,72333.63285714285,70707.88714285714,1.0,-55.05996187529327,,2.900700364608332,1.136555116504432
18,2026-03-04 15:00:00,2026-03-04 16:00:00,LONG,73396.88,73294.84,74361.10714285714,72432.65285714286,1.0,-44.500498435807586,,2.4124071914034557,1.313716799484041
19,2026-03-05 15:00:00,2026-03-05 16:00:00,SHORT,71652.77,71305.92,70913.30357142857,72392.23642857144,1.0,18.575872883662903,EXIT_TP,2.004703548592115,1.032013735925956
20,2026-03-06 12:00:00,2026-03-06 13:00:00,SHORT,69907.0,69208.0,69385.29928571428,70428.70071428572,1.0,70.7618805790039,EXIT_TP,2.3866567995870303,0.7462782186128886
21,2026-03-06 14:00:00,2026-03-06 15:00:00,SHORT,68409.89,68504.71,67784.49142857143,69035.28857142857,1.0,-44.65465674731598,EXIT_SL,3.2697357480143543,0.9141932130406414
22,2026-03-07 19:00:00,2026-03-07 20:00:00,SHORT,67080.34,67402.98,66753.17642857143,67407.50357142856,1.0,-79.16275013677657,EXIT_SL,2.526363229105411,0.4877190119021043
23,2026-03-08 04:00:00,2026-03-08 05:00:00,SHORT,66637.36,67149.93,66302.545,66972.175,1.0,-107.53122156415583,EXIT_SL,1.9730761392247966,0.5024433741072626
24,2026-03-08 22:00:00,2026-03-08 23:00:00,SHORT,66236.8,65971.2,65668.72142857143,66804.87857142858,1.0,10.04775933047716,,2.8818437290614454,0.8576479712615522
25,2026-03-09 13:00:00,2026-03-09 14:00:00,LONG,68976.0,69151.5,69729.53714285714,68222.46285714286,1.0,-4.538026842262166,,2.110669803001009,1.0924628027968324
26,2026-03-10 02:00:00,2026-03-10 03:00:00,LONG,70272.01,69429.85,70996.85785714285,69547.16214285714,1.0,-149.17172260683816,EXIT_SL,1.588557767742112,1.0314887209613854
27,2026-03-10 14:00:00,2026-03-10 15:00:00,LONG,71467.81,71346.16,72277.46571428572,70658.15428571428,1.0,-46.10960609770751,,1.9639845040670136,1.1328956551008276
28,2026-03-13 00:00:00,2026-03-13 01:00:00,LONG,71475.61,71672.39,72168.67785714286,70782.54214285714,1.0,-2.4096582035942617,,2.6163917483358654,0.9696564424463866
29,2026-03-13 13:00:00,2026-03-13 14:00:00,LONG,73379.18,72382.72,73990.10142857142,72768.25857142857,1.0,-161.77576248390335,EXIT_SL,2.8280071468175665,0.8325541775901912
30,2026-03-15 02:00:00,2026-03-15 03:00:00,LONG,71450.53,71363.14,71704.71428571429,71196.34571428571,1.0,-40.52362689397565,,1.9592522371214953,0.3557486357543966
31,2026-03-15 22:00:00,2026-03-15 23:00:00,LONG,72749.44,72815.24,73175.41142857143,72323.46857142857,1.0,-20.02320670096601,EXIT_TP,2.7169065581545717,0.5855322440577246
32,2026-03-16 03:00:00,2026-03-16 04:00:00,LONG,73573.32,73835.62,74209.35571428572,72937.2842857143,1.0,5.388826003248177,EXIT_TP,4.762780994144216,0.8644923380998889
33,2026-03-17 00:00:00,2026-03-17 01:00:00,LONG,75318.48,75623.91,75986.37714285713,74650.58285714286,1.0,10.067034809023081,EXIT_TP,1.8607340654117726,0.8867639692903306
34,2026-03-18 11:00:00,2026-03-18 12:00:00,SHORT,72952.85,72361.24,72468.78214285715,73436.91785714286,1.0,48.79890545493673,EXIT_TP,2.866911865120626,0.6635352246592928
35,2026-03-18 13:00:00,2026-03-18 14:00:00,SHORT,72133.49,71193.23,71654.96857142857,72612.01142857144,1.0,96.3304801449421,EXIT_TP,2.149573884817228,0.663383164423942
36,2026-03-19 07:00:00,2026-03-19 08:00:00,SHORT,70191.17,69985.19,69674.42,70707.92,1.0,-0.6345195112727993,,2.4631406151833697,0.7362037133730653
37,2026-03-21 23:00:00,2026-03-22 00:00:00,SHORT,68918.12,68954.71,68595.665,69240.575,1.0,-34.23278537265997,EXIT_TP,4.113149025207849,0.46788130610643874
38,2026-03-22 21:00:00,2026-03-22 22:00:00,SHORT,67899.97,68339.37,67482.42928571429,68317.51071428572,1.0,-91.50125860478249,EXIT_SL,2.922699382551362,0.61493504972935
39,2026-03-23 11:00:00,2026-03-23 12:00:00,LONG,70122.15,70752.15,70925.53285714285,69318.76714285713,1.0,57.266448665081974,,6.708158679970702,1.1456905658809053
40,2026-03-24 13:00:00,2026-03-24 14:00:00,SHORT,70100.46,69869.93,69613.64714285715,70587.27285714286,1.0,2.777933676925567,EXIT_TP,2.6383748212519107,0.6944503033829698
41,2026-03-24 17:00:00,2026-03-24 18:00:00,SHORT,69238.43,69430.24,68687.72,69789.13999999998,1.0,-55.5646845203396,,1.5351333642062972,0.7953819865643967
42,2026-03-26 05:00:00,2026-03-26 06:00:00,SHORT,70016.98,70097.18,69548.47428571428,70485.4857142857,1.0,-39.68796119600764,,1.7603837764369135,0.6691315653513126
43,2026-03-26 15:00:00,2026-03-26 16:00:00,SHORT,69082.64,68932.52,68601.45428571428,69563.82571428572,1.0,-7.8843143813958925,,2.335856209375534,0.6965363719245757
44,2026-03-27 08:00:00,2026-03-27 09:00:00,SHORT,67920.5,67695.81,67452.99357142857,68388.00642857143,1.0,2.9353668586178507,,1.8373895459988623,0.6883141740290903
45,2026-03-27 13:00:00,2026-03-27 14:00:00,SHORT,66188.32,66205.06,65643.44928571429,66733.19071428572,1.0,-30.99785446466578,,2.158459435092328,0.8232127878237677
